{
  "scale" : 0.3452037,
  "baseX" : 0.3446328,
  "baseY" : 0.9456522
}