{
  "scale" : 0.3452037,
  "baseX" : 0.3822347,
  "baseY" : 0.9638793
}