{
  "scale" : 0.3452037,
  "baseX" : 0.4063539,
  "baseY" : 0.9191631
}