{
  "scale" : 0.3452037,
  "baseX" : 0.5122035,
  "baseY" : 0.9711539
}