{
  "scale" : 0.3452037,
  "baseX" : 1.100978,
  "baseY" : 0.9768875
}