{
  "scale" : 0.3452037,
  "baseX" : 0.5028661,
  "baseY" : 0.9705263
}