{
  "scale" : 0.3452037,
  "baseX" : 0.1943086,
  "baseY" : 0.9615216
}