{
  "scale" : 0.3452037,
  "baseX" : 0.7697161,
  "baseY" : 0.9658325
}