{
  "scale" : 0.3452037,
  "baseX" : 0.3591044,
  "baseY" : 0.9693606
}