{
  "scale" : 0.3452037,
  "baseX" : 0.292112,
  "baseY" : 0.9711055
}