{
  "scale" : 0.3452037,
  "baseX" : 0.07036347,
  "baseY" : 1.843527
}