{
  "scale" : 0.3452037,
  "baseX" : 0.1139576,
  "baseY" : 1.722976
}