{
  "scale" : 0.3452037,
  "baseX" : 0.3826648,
  "baseY" : 0.9737139
}