{
  "scale" : 0.5038821,
  "baseX" : 0.6268657,
  "baseY" : 2.045977
}