{
  "scale" : 0.5040671,
  "baseX" : 0.3061864,
  "baseY" : 0.9905469
}