{
  "scale" : 0.504134,
  "baseX" : 0.5629275,
  "baseY" : 0.989071
}