{
  "scale" : 0.5041238,
  "baseX" : 0.5629275,
  "baseY" : 0.989071
}