{
  "scale" : 0.5082254,
  "baseX" : 0.454387,
  "baseY" : 0.9803922
}