{
  "scale" : 0.5081984000000001,
  "baseX" : 0.6120081,
  "baseY" : 0.9851995
}