{
  "scale" : 0.5082262,
  "baseX" : 0.2836676,
  "baseY" : 1.447964
}