{
  "scale" : 0.5082223,
  "baseX" : 0.6120081,
  "baseY" : 0.9851995
}