{
  "scale" : 0.5082314999999999,
  "baseX" : 0.3785659,
  "baseY" : 0.9767892
}