{
  "scale" : 0.5082216000000001,
  "baseX" : 0.3785659,
  "baseY" : 0.9767892
}