{
  "scale" : 0.4999993,
  "baseX" : 0.7030442,
  "baseY" : 0.9763837
}