{
  "scale" : 0.5016887,
  "baseX" : 0.4264578,
  "baseY" : 1.224866
}