{
  "scale" : 0.5,
  "baseX" : 0.7030442,
  "baseY" : 0.9763837
}