{
  "scale" : 0.5000005,
  "baseX" : 0.4521912,
  "baseY" : 0.9844961
}