{
  "scale" : 0.4999996,
  "baseX" : 0.4521912,
  "baseY" : 0.9844961
}