{
  "scale" : 0.5000003,
  "baseX" : 0.9438265,
  "baseY" : 0.9256938
}