{
  "scale" : 0.4999993,
  "baseX" : 0.9438265,
  "baseY" : 0.9256938
}