{
  "scale" : 0.499994,
  "baseX" : 0.4343354,
  "baseY" : 0.9247091
}