{
  "scale" : 0.4999965,
  "baseX" : 0.4343354,
  "baseY" : 0.9247091
}