{
  "scale" : 0.4862821,
  "baseX" : 0.7636054,
  "baseY" : 0.912432
}