{
  "scale" : 0.4857617,
  "baseX" : 0.5275384,
  "baseY" : 0.9827175
}