{
  "scale" : 0.4854308,
  "baseX" : 0.7636054,
  "baseY" : 0.912432
}