{
  "scale" : 0.4860492,
  "baseX" : 0.5275384,
  "baseY" : 0.9827175
}