{
  "scale" : 0.4852581,
  "baseX" : 0.7636054,
  "baseY" : 0.912432
}