{
  "scale" : 0.4856696,
  "baseX" : 0.06207744,
  "baseY" : 0.9887815
}