{
  "scale" : 0.4848781,
  "baseX" : 0.3591249,
  "baseY" : 3.257551
}