{
  "scale" : 0.485693,
  "baseX" : 0.3591249,
  "baseY" : 3.257551
}