{
  "scale" : 0.4848771,
  "baseX" : 0.5622737,
  "baseY" : 0.9833234
}