{
  "scale" : 0.485831,
  "baseX" : 0.5622737,
  "baseY" : 0.9833234
}