{
  "scale" : 0.4946246,
  "baseX" : 0.8395385,
  "baseY" : 0.9568788
}