{
  "scale" : 0.4946753,
  "baseX" : 0.218234,
  "baseY" : 0.9647546
}