{
  "scale" : 0.4948448,
  "baseX" : 0.02845529,
  "baseY" : 0.9809524
}