{
  "scale" : 0.4945443,
  "baseX" : 0.2176101,
  "baseY" : 0.9822617
}