{
  "scale" : 0.4945624,
  "baseX" : 0.3099885,
  "baseY" : 0.8140244
}