{
  "scale" : 0.4947099,
  "baseX" : 0.7483221,
  "baseY" : 0.9811023
}