{
  "scale" : 0.4946658,
  "baseX" : 0.3674614,
  "baseY" : 0.9810725
}