{
  "scale" : 0.5168976,
  "baseX" : 0.6574685,
  "baseY" : 1.045825
}