{
  "scale" : 0.5168976,
  "baseX" : 0.755751,
  "baseY" : 0.9560776
}