{
  "scale" : 0.5168976,
  "baseX" : 0.2036405,
  "baseY" : 0.9757128
}