{
  "scale" : 0.5175589,
  "baseX" : 0.6951039,
  "baseY" : 0.9831378
}