{
  "scale" : 0.5164395000000001,
  "baseX" : 0.6951039,
  "baseY" : 0.9831378
}