{
  "scale" : 0.4876295,
  "baseX" : 0.3616692,
  "baseY" : 0.9645777
}