{
  "scale" : 0.4865324,
  "baseX" : 0.4964974,
  "baseY" : 0.970949
}