{
  "scale" : 0.4861454,
  "baseX" : 0.3969415,
  "baseY" : 0.9719321
}