{
  "scale" : 0.4863181,
  "baseX" : 0.4964974,
  "baseY" : 0.970949
}