{
  "scale" : 0.4861278,
  "baseX" : 0.4964974,
  "baseY" : 0.970949
}