{
  "scale" : 0.488643,
  "baseX" : 0.3741678,
  "baseY" : 0.9662994
}