{
  "scale" : 0.4875553,
  "baseX" : 0.3741678,
  "baseY" : 0.9662994
}