{
  "scale" : 0.4874806,
  "baseX" : 0.5103391,
  "baseY" : 2.356965
}