{
  "scale" : 0.4880082,
  "baseX" : 0.5103391,
  "baseY" : 2.356965
}