{
  "scale" : 0.4874565,
  "baseX" : 0.09854497,
  "baseY" : 2.470896
}