{
  "scale" : 0.4870962,
  "baseX" : 0.09854497,
  "baseY" : 2.470896
}