{
  "scale" : 0.487527,
  "baseX" : 0.5726141,
  "baseY" : 0.9660038
}