{
  "scale" : 0.4873478,
  "baseX" : 0.5726141,
  "baseY" : 0.9660038
}