{
  "scale" : 0.4880076,
  "baseX" : 0.5726141,
  "baseY" : 0.9660038
}