{
  "scale" : 0.5377006,
  "baseX" : 0.5973229,
  "baseY" : 0.9867783
}