{
  "scale" : 0.5377006,
  "baseX" : 0.3744264,
  "baseY" : 0.9875832
}