{
  "scale" : 0.5377006,
  "baseX" : 0.312149,
  "baseY" : 0.9830205
}