{
  "scale" : 0.5377006,
  "baseX" : 0.1331005,
  "baseY" : 0.9862771
}