{
  "scale" : 0.4945656,
  "baseX" : 0.224,
  "baseY" : 0.981405
}