{
  "scale" : 0.4945656,
  "baseX" : 0.1726079,
  "baseY" : 0.9803477
}