{
  "scale" : 0.4945656,
  "baseX" : 0.3954082,
  "baseY" : 0.8364401
}