{
  "scale" : 0.4945656,
  "baseX" : 0.6661972,
  "baseY" : 0.9804364
}