{
  "scale" : 0.5030969,
  "baseX" : 0.4977324,
  "baseY" : 0.9005563
}