{
  "scale" : 0.501335,
  "baseX" : 0.4977324,
  "baseY" : 0.9005563
}