{
  "scale" : 0.5013282999999999,
  "baseX" : 0.4977324,
  "baseY" : 0.9005563
}