{
  "scale" : 0.5026072,
  "baseX" : 0.933655,
  "baseY" : 0.9881657
}