{
  "scale" : 0.5013549,
  "baseX" : 0.2701665,
  "baseY" : 0.9739201
}