{
  "scale" : 0.5031061,
  "baseX" : 0.933655,
  "baseY" : 0.9881657
}