{
  "scale" : 0.5031059,
  "baseX" : 0.2701665,
  "baseY" : 0.9739201
}