{
  "scale" : 0.5025981,
  "baseX" : 0.933655,
  "baseY" : 0.9881657
}