{
  "scale" : 0.5031029,
  "baseX" : 0.6913334,
  "baseY" : 0.9757023
}