{
  "scale" : 0.5001613,
  "baseX" : 0.6913334,
  "baseY" : 0.9757023
}