{
  "scale" : 0.6783477999999999,
  "baseX" : 0.2488184,
  "baseY" : 0.9171032
}