{
  "scale" : 0.6825768,
  "baseX" : 0.2488184,
  "baseY" : 0.9171032
}