{
  "scale" : 0.7601746,
  "baseX" : 0.4439442,
  "baseY" : 0.9893993
}