{
  "scale" : 0.7602186,
  "baseX" : 0.6327424,
  "baseY" : 1.021779
}