{
  "scale" : 0.7601545,
  "baseX" : 0.4478835,
  "baseY" : 0.9865017
}