{
  "scale" : 0.7601637999999999,
  "baseX" : 0.4478835,
  "baseY" : 0.9865017
}