{
  "scale" : 1.485363,
  "baseX" : 0.452024,
  "baseY" : 0.9594035
}