{
  "scale" : 0.760175,
  "baseX" : 0.3713152,
  "baseY" : 0.9847418
}