{
  "scale" : 0.7601665,
  "baseX" : 0.3713152,
  "baseY" : 0.9847418
}