{
  "scale" : 0.7601811000000001,
  "baseX" : 0.3713152,
  "baseY" : 0.9847418
}