{
  "scale" : 0.499199,
  "baseX" : 0.4661148,
  "baseY" : 0.8714511
}