{
  "scale" : 0.4995509,
  "baseX" : 0.3654504,
  "baseY" : 2.54917
}