{
  "scale" : 0.498794,
  "baseX" : 0.3654504,
  "baseY" : 2.54917
}