{
  "scale" : 0.4986797,
  "baseX" : 0.4661148,
  "baseY" : 0.8714511
}