{
  "scale" : 0.4990922,
  "baseX" : 0.4751131,
  "baseY" : 0.9455782
}