{
  "scale" : 0.4994152,
  "baseX" : 0.4139483,
  "baseY" : 0.9463315
}