{
  "scale" : 0.4996963,
  "baseX" : 0.2660256,
  "baseY" : 0.9534565
}