{
  "scale" : 0.5000456,
  "baseX" : 0.2660256,
  "baseY" : 0.9534565
}