{
  "scale" : 0.4995466,
  "baseX" : 0.6393163,
  "baseY" : 0.910628
}