{
  "scale" : 0.5001667,
  "baseX" : 0.3853521,
  "baseY" : 0.9398496
}