{
  "scale" : 0.4987614,
  "baseX" : 0.4723926,
  "baseY" : 0.9459459
}