{
  "scale" : 0.4990644,
  "baseX" : 0.4139483,
  "baseY" : 0.9463315
}