{
  "scale" : 0.4988255,
  "baseX" : 0.4723926,
  "baseY" : 0.9459459
}