{
  "scale" : 0.4989534,
  "baseX" : 0.4139483,
  "baseY" : 0.9463315
}