{
  "scale" : 0.4991183,
  "baseX" : 0.6393163,
  "baseY" : 0.910628
}