{
  "scale" : 0.499101,
  "baseX" : 0.6393163,
  "baseY" : 0.910628
}