{
  "scale" : 0.4991669,
  "baseX" : 0.5117035,
  "baseY" : 0.9459459
}