{
  "scale" : 0.499234,
  "baseX" : 0.5117035,
  "baseY" : 0.9459459
}