{
  "scale" : 0.4997606,
  "baseX" : 0.7457824,
  "baseY" : 0.7794405
}