{
  "scale" : 0.4997264,
  "baseX" : 0.5178295,
  "baseY" : 0.988786
}