{
  "scale" : 0.4998263,
  "baseX" : 0.6489051,
  "baseY" : 0.9657747
}