{
  "scale" : 0.429,
  "baseX" : 0.1378891,
  "baseY" : 0.9906674
}