{
  "scale" : 0.4290336,
  "baseX" : 0.4314362,
  "baseY" : 0.7544701
}