{
  "scale" : 0.4290081,
  "baseX" : 0.1378891,
  "baseY" : 0.9906674
}