{
  "scale" : 0.4290998,
  "baseX" : 0.4344262,
  "baseY" : 0.7514056
}