{
  "scale" : 0.510246,
  "baseX" : 0.4756944,
  "baseY" : 0.9814683
}