{
  "scale" : 0.5102466,
  "baseX" : 0.4756944,
  "baseY" : 0.9814683
}