{
  "scale" : 0.510247,
  "baseX" : 0.6585714,
  "baseY" : 0.9779412
}