{
  "scale" : 0.5102471,
  "baseX" : 0.2379182,
  "baseY" : 0.9832714
}