{
  "scale" : 0.5102464,
  "baseX" : 0.6585714,
  "baseY" : 0.9779412
}