{
  "scale" : 0.5102468999999999,
  "baseX" : 0.6585714,
  "baseY" : 0.9779412
}