{
  "scale" : 0.5102463,
  "baseX" : 0.2153846,
  "baseY" : 0.9812239
}