{
  "scale" : 0.5102467000000001,
  "baseX" : 0.2153846,
  "baseY" : 0.9812239
}