{
  "scale" : 0.510375,
  "baseX" : 0.5791081,
  "baseY" : 1.726486
}