{
  "scale" : 0.5103756,
  "baseX" : 0.5791081,
  "baseY" : 1.726486
}