{
  "scale" : 0.5103754,
  "baseX" : 0.5791081,
  "baseY" : 1.726486
}