{
  "scale" : 0.5102468999999999,
  "baseX" : 0.4623656,
  "baseY" : 0.9797449
}