{
  "scale" : 0.5102466,
  "baseX" : 0.4623656,
  "baseY" : 0.9797449
}