{
  "scale" : 0.4974481,
  "baseX" : 0.7591602,
  "baseY" : 0.9627085
}