{
  "scale" : 0.4974616,
  "baseX" : 0.7023644,
  "baseY" : 0.9326923
}