{
  "scale" : 0.4976392,
  "baseX" : 0.330033,
  "baseY" : 0.980508
}