{
  "scale" : 0.4964601,
  "baseX" : 0.330033,
  "baseY" : 0.980508
}