{
  "scale" : 0.4969321,
  "baseX" : 0.330033,
  "baseY" : 0.980508
}