{
  "scale" : 0.4973476,
  "baseX" : 0.4532062,
  "baseY" : 0.9463415
}