{
  "scale" : 0.4980058,
  "baseX" : 0.4532062,
  "baseY" : 0.9463415
}