{
  "scale" : 0.4977626,
  "baseX" : 0.4532062,
  "baseY" : 0.9463415
}