{
  "scale" : 0.5125111,
  "baseX" : 0.6553147,
  "baseY" : 0.9513837
}