{
  "scale" : 0.5095755,
  "baseX" : 0.404914,
  "baseY" : 2.124408
}