{
  "scale" : 0.5098491000000001,
  "baseX" : 0.404914,
  "baseY" : 2.124408
}