{
  "scale" : 0.5113907,
  "baseX" : 0.6416309,
  "baseY" : 0.8991935
}