{
  "scale" : 0.5110829,
  "baseX" : 0.404914,
  "baseY" : 2.124408
}