{
  "scale" : 0.510829,
  "baseX" : 0.4005682,
  "baseY" : 0.9578438
}