{
  "scale" : 0.5110522,
  "baseX" : 0.4005682,
  "baseY" : 0.9578438
}