{
  "scale" : 0.511375,
  "baseX" : 0.4005682,
  "baseY" : 0.9578438
}