{
  "scale" : 0.5281162,
  "baseX" : 0.1938534,
  "baseY" : 0.9246154
}