{
  "scale" : 0.5288195999999999,
  "baseX" : 0.8470588,
  "baseY" : 0.9713376
}