{
  "scale" : 0.5289325,
  "baseX" : 0.8470588,
  "baseY" : 0.9713376
}