{
  "scale" : 0.5279556,
  "baseX" : 0.6325153,
  "baseY" : 0.8561404
}