{
  "scale" : 0.5279556,
  "baseX" : 0.8470588,
  "baseY" : 0.9713376
}