{
  "scale" : 0.5288195999999999,
  "baseX" : 0.6325153,
  "baseY" : 0.8561404
}