{
  "scale" : 0.5289325,
  "baseX" : 0.6325153,
  "baseY" : 0.8561404
}