{
  "scale" : 0.5283868,
  "baseX" : 0.3611111,
  "baseY" : 0.8291525
}