{
  "scale" : 0.5288387,
  "baseX" : 0.3414795,
  "baseY" : 0.915493
}