{
  "scale" : 0.5287721,
  "baseX" : 0.3414795,
  "baseY" : 0.915493
}