{
  "scale" : 0.5271785,
  "baseX" : 0.3414795,
  "baseY" : 0.915493
}