{
  "scale" : 0.5285366,
  "baseX" : 0.2846682,
  "baseY" : 0.9106999
}