{
  "scale" : 0.52801,
  "baseX" : 0.2846682,
  "baseY" : 0.9106999
}