{
  "scale" : 0.527285,
  "baseX" : 0.3411675,
  "baseY" : 0.9140239
}