{
  "scale" : 0.5281162,
  "baseX" : 0.3411675,
  "baseY" : 0.9140239
}