{
  "scale" : 0.5068558,
  "baseX" : 0.2433823,
  "baseY" : 0.9800258
}