{
  "scale" : 0.5068234,
  "baseX" : 0.2311465,
  "baseY" : 0.9852116
}