{
  "scale" : 0.506842,
  "baseX" : 0.2433823,
  "baseY" : 0.9800258
}