{
  "scale" : 0.5068684,
  "baseX" : 0.325187,
  "baseY" : 0.5838446
}