{
  "scale" : 0.5069109000000001,
  "baseX" : 0.325187,
  "baseY" : 0.5838446
}