{
  "scale" : 0.5068212,
  "baseX" : 0.2666667,
  "baseY" : 0.9789003
}