{
  "scale" : 0.5980301,
  "baseX" : 0.6082069,
  "baseY" : 0.9394495
}