{
  "scale" : 0.5966719,
  "baseX" : 0.9143788,
  "baseY" : 0.9834313
}