{
  "scale" : 0.6,
  "baseX" : 0.6747362,
  "baseY" : 0.9737705
}