{
  "scale" : 0.6,
  "baseX" : 0.4407665,
  "baseY" : 0.9825041
}