{
  "scale" : 0.6,
  "baseX" : 0.4733242,
  "baseY" : 0.9117422
}