{
  "scale" : 0.5,
  "baseX" : 0.2812786,
  "baseY" : 1.069429
}