{
  "scale" : 0.5,
  "baseX" : 0.3219416,
  "baseY" : 0.9819463
}