{
  "scale" : 0.5,
  "baseX" : 0.2095328,
  "baseY" : 0.9762846
}