{
  "scale" : 0.711167,
  "baseX" : 0.494702,
  "baseY" : 1.655762
}