{
  "scale" : 0.7112551,
  "baseX" : 0.494702,
  "baseY" : 1.655762
}