{
  "scale" : 0.7111253,
  "baseX" : 0.4359916,
  "baseY" : 0.9768212
}