{
  "scale" : 0.7113028,
  "baseX" : 0.650436,
  "baseY" : 0.9131098
}