{
  "scale" : 0.711113,
  "baseX" : 0.4359916,
  "baseY" : 0.9768212
}