{
  "scale" : 0.7121841,
  "baseX" : 0.650436,
  "baseY" : 0.9131098
}