{
  "scale" : 0.7147178,
  "baseX" : 0.650436,
  "baseY" : 0.9131098
}