{
  "scale" : 0.7111604,
  "baseX" : 0.4533666,
  "baseY" : 0.9805521
}