{
  "scale" : 0.7111681,
  "baseX" : 0.4533666,
  "baseY" : 0.9805521
}