{
  "scale" : 0.7112688,
  "baseX" : 0.4040698,
  "baseY" : 0.978022
}