{
  "scale" : 0.7111531,
  "baseX" : 0.4040698,
  "baseY" : 0.978022
}