{
  "scale" : 0.5027788,
  "baseX" : 0.3403084,
  "baseY" : 0.9747961
}