{
  "scale" : 0.5021296,
  "baseX" : 0.5975495,
  "baseY" : 0.9255711
}