{
  "scale" : 0.502984,
  "baseX" : 0.7056818,
  "baseY" : 0.9869848
}