{
  "scale" : 0.4965159,
  "baseX" : 0.7008646,
  "baseY" : 0.9679219
}