{
  "scale" : 0.496537,
  "baseX" : 0.7008646,
  "baseY" : 0.9679219
}