{
  "scale" : 0.4965712,
  "baseX" : 0.2059433,
  "baseY" : 0.9812419
}