{
  "scale" : 0.4964705,
  "baseX" : 0.2622814,
  "baseY" : 0.9825175
}