{
  "scale" : 0.4964924,
  "baseX" : 0.2622814,
  "baseY" : 0.9825175
}