{
  "scale" : 0.496474,
  "baseX" : 0.2622814,
  "baseY" : 0.9825175
}