{
  "scale" : 0.4964822,
  "baseX" : 0.4012112,
  "baseY" : 2.466574
}