{
  "scale" : 0.4965093,
  "baseX" : 0.4012112,
  "baseY" : 2.466574
}