{
  "scale" : 0.4965187,
  "baseX" : 0.3001894,
  "baseY" : 0.9825378
}