{
  "scale" : 0.5051419,
  "baseX" : 0.2972671,
  "baseY" : 0.9421423
}