{
  "scale" : 0.5051419,
  "baseX" : 0.6507431,
  "baseY" : 0.9748322
}