{
  "scale" : 0.5065836,
  "baseX" : 0.3449198,
  "baseY" : 1.04
}