{
  "scale" : 0.5058992,
  "baseX" : 0.3449198,
  "baseY" : 1.04
}