{
  "scale" : 0.5045557000000001,
  "baseX" : 0.625,
  "baseY" : 1.339662
}