{
  "scale" : 0.5050881,
  "baseX" : 0.625,
  "baseY" : 1.339662
}