{
  "scale" : 0.5051628,
  "baseX" : 0.4106996,
  "baseY" : 0.9634551
}