{
  "scale" : 0.4990008,
  "baseX" : -0.01865136,
  "baseY" : 0.9752371
}