{
  "scale" : 0.5001013,
  "baseX" : 0.7857609,
  "baseY" : 0.9813084
}