{
  "scale" : 0.4982837,
  "baseX" : 0.7857609,
  "baseY" : 0.9813084
}