{
  "scale" : 0.499691,
  "baseX" : 0.3211297,
  "baseY" : 0.9855799
}