{
  "scale" : 0.5003995,
  "baseX" : 0.3211297,
  "baseY" : 0.9855799
}