{
  "scale" : 0.498439,
  "baseX" : 0.3211297,
  "baseY" : 0.9855799
}