{
  "scale" : 2.077029,
  "baseX" : 0.5259516,
  "baseY" : 0.984127
}