{
  "scale" : 0.4990382,
  "baseX" : 0.7155716,
  "baseY" : 0.9780631
}