{
  "scale" : 0.4995631,
  "baseX" : 0.4293286,
  "baseY" : 0.9852847
}