{
  "scale" : 0.500416,
  "baseX" : 0.4293286,
  "baseY" : 0.9852847
}