{
  "scale" : 0.5018673,
  "baseX" : -0.6819699,
  "baseY" : 0.9690987
}