{
  "scale" : 0.5019612,
  "baseX" : -0.6819699,
  "baseY" : 0.9690987
}