{
  "scale" : 0.501636,
  "baseX" : -0.6819699,
  "baseY" : 0.9690987
}