{
  "scale" : 0.5016189,
  "baseX" : 1.047649,
  "baseY" : 0.9709035
}