{
  "scale" : 0.5016834999999999,
  "baseX" : 0.8418652,
  "baseY" : 0.9724919
}