{
  "scale" : 0.5016177000000001,
  "baseX" : 0.8418652,
  "baseY" : 0.9724919
}