{
  "scale" : 0.5015938,
  "baseX" : 0.8418652,
  "baseY" : 0.9724919
}