{
  "scale" : 0.5018338,
  "baseX" : 0.8544347,
  "baseY" : 1.014744
}