{
  "scale" : 0.5016966,
  "baseX" : 1.517846,
  "baseY" : 1.176585
}