{
  "scale" : 0.501642,
  "baseX" : 0.8544347,
  "baseY" : 1.014744
}