{
  "scale" : 0.5015977,
  "baseX" : 1.517846,
  "baseY" : 1.176585
}