{
  "scale" : 0.50159,
  "baseX" : 1.843788,
  "baseY" : 1.176982
}