{
  "scale" : 0.5016620000000001,
  "baseX" : 0.6983806,
  "baseY" : 0.9707358
}