{
  "scale" : 0.5016483,
  "baseX" : 1.843788,
  "baseY" : 1.176982
}