{
  "scale" : 0.5015956,
  "baseX" : 1.843788,
  "baseY" : 1.176982
}