{
  "scale" : 0.5016916,
  "baseX" : 0.6983806,
  "baseY" : 0.9707358
}