{
  "scale" : 0.5017547,
  "baseX" : 0.4725036,
  "baseY" : 0.9702811
}