{
  "scale" : 0.5016159,
  "baseX" : 0.4725036,
  "baseY" : 0.9702811
}