{
  "scale" : 0.2952364,
  "baseX" : 0.1705128,
  "baseY" : 0.979661
}