{
  "scale" : 0.2952364,
  "baseX" : 0.7303413,
  "baseY" : 0.9880116
}