{
  "scale" : 0.2952364,
  "baseX" : 0.5005225,
  "baseY" : 0.9882894
}