{
  "scale" : 0.2952364,
  "baseX" : 0.421875,
  "baseY" : 0.9892514
}