{
  "scale" : 0.2952364,
  "baseX" : 0.3260292,
  "baseY" : 0.9768848
}