{
  "scale" : 0.5002609,
  "baseX" : 0.8267667,
  "baseY" : 0.9423792
}