{
  "scale" : 0.5002546,
  "baseX" : 0.7011952,
  "baseY" : 0.9799073
}