{
  "scale" : 0.5002552,
  "baseX" : 0.8267667,
  "baseY" : 0.9423792
}