{
  "scale" : 0.5002702999999999,
  "baseX" : 0.8267667,
  "baseY" : 0.9423792
}