{
  "scale" : 0.500256,
  "baseX" : 0.4800347,
  "baseY" : 2.590685
}