{
  "scale" : 0.5002607999999999,
  "baseX" : 0.4800347,
  "baseY" : 2.590685
}