{
  "scale" : 0.5002635,
  "baseX" : 0.6790124,
  "baseY" : 0.9606359
}