{
  "scale" : 0.5002556,
  "baseX" : 0.5494506,
  "baseY" : 0.9757895
}