{
  "scale" : 0.5002556,
  "baseX" : 0.5658073,
  "baseY" : 0.9840764
}