{
  "scale" : 0.5002611,
  "baseX" : 0.3668478,
  "baseY" : 0.9791086
}