{
  "scale" : 0.5002618,
  "baseX" : 0.3668478,
  "baseY" : 0.9683195
}