{
  "scale" : 0.5379785,
  "baseX" : 0.3700168,
  "baseY" : 0.9887684
}