{
  "scale" : 0.5374268,
  "baseX" : 0.2733296,
  "baseY" : 0.9857482
}