{
  "scale" : 0.5373288000000001,
  "baseX" : 0.2733296,
  "baseY" : 0.9857482
}