{
  "scale" : 0.5366457,
  "baseX" : 0.2733296,
  "baseY" : 0.9857482
}