{
  "scale" : 0.5603721,
  "baseX" : 0.3293608,
  "baseY" : 1.000722
}