{
  "scale" : 0.5627987,
  "baseX" : 0.4240546,
  "baseY" : 3.018518
}