{
  "scale" : 0.561761,
  "baseX" : 0.9063313,
  "baseY" : 0.9848126
}