{
  "scale" : 0.5625682,
  "baseX" : 0.5869565,
  "baseY" : 1.046724
}