{
  "scale" : 0.5636194,
  "baseX" : 0.3370607,
  "baseY" : 0.9809524
}