{
  "scale" : 0.5607285,
  "baseX" : 0.1883117,
  "baseY" : 0.9925816
}