{
  "scale" : 0.5646598,
  "baseX" : 0.4608327,
  "baseY" : 0.9830688
}