{
  "scale" : 0.5625939,
  "baseX" : 0.4468696,
  "baseY" : 0.9827682
}