{
  "scale" : 0.5619339,
  "baseX" : 0.4633907,
  "baseY" : 0.977459
}