{
  "scale" : 0.5615547,
  "baseX" : 0.5251825,
  "baseY" : 1.840841
}