{
  "scale" : 0.563064,
  "baseX" : 0.3850863,
  "baseY" : 0.980356
}