{
  "scale" : 0.5024406,
  "baseX" : 0.2667246,
  "baseY" : 0.9
}