{
  "scale" : 0.5021937,
  "baseX" : 0.5820628,
  "baseY" : 0.9255711
}