{
  "scale" : 0.502444,
  "baseX" : 0.3333333,
  "baseY" : 0.9791356
}