{
  "scale" : 0.502337,
  "baseX" : 0.2667246,
  "baseY" : 0.9
}