{
  "scale" : 0.5024437,
  "baseX" : 0.6238438,
  "baseY" : 0.9791217
}