{
  "scale" : 0.502416,
  "baseX" : 0.6238438,
  "baseY" : 0.9791217
}