{
  "scale" : 0.5,
  "baseX" : 0.2350746,
  "baseY" : 0.9765922
}