{
  "scale" : 0.5,
  "baseX" : 0.3216056,
  "baseY" : 0.9815141
}