{
  "scale" : 0.5,
  "baseX" : 0.2455216,
  "baseY" : 0.978022
}