{
  "scale" : 0.5,
  "baseX" : 0.2092584,
  "baseY" : 0.9757336
}