{
  "scale" : 0.4927304,
  "baseX" : 0.7867272,
  "baseY" : 0.9780504
}