{
  "scale" : 0.4927305,
  "baseX" : 0.7315828,
  "baseY" : 0.93387
}