{
  "scale" : 0.492493,
  "baseX" : 0.7315828,
  "baseY" : 0.93387
}