{
  "scale" : 0.4924728,
  "baseX" : 0.7315828,
  "baseY" : 0.93387
}