{
  "scale" : 0.4932599,
  "baseX" : 0.4567733,
  "baseY" : 0.9785671
}