{
  "scale" : 0.4943023,
  "baseX" : 0.4585366,
  "baseY" : 0.9652053
}