{
  "scale" : 0.494316,
  "baseX" : 0.8109966,
  "baseY" : 0.9666453
}