{
  "scale" : 0.4943539,
  "baseX" : 0.8109966,
  "baseY" : 0.9666453
}