{
  "scale" : 0.4943956,
  "baseX" : 0.548457,
  "baseY" : 0.9776029
}