{
  "scale" : 0.4943984,
  "baseX" : 0.548457,
  "baseY" : 0.9776029
}