{
  "scale" : 0.4943739,
  "baseX" : 0.548457,
  "baseY" : 0.9776029
}