{
  "scale" : 0.4944295,
  "baseX" : 0.4078212,
  "baseY" : 0.9766856
}