{
  "scale" : 0.490234,
  "baseX" : 0.6437358,
  "baseY" : 0.988497
}