{
  "scale" : 0.4902331,
  "baseX" : 0.5789971,
  "baseY" : 0.9892985
}