{
  "scale" : 0.4902328,
  "baseX" : 0.6437358,
  "baseY" : 0.988497
}