{
  "scale" : 0.4902321,
  "baseX" : 0.3836735,
  "baseY" : 0.9927008
}