{
  "scale" : 0.4902323,
  "baseX" : 0.6887392,
  "baseY" : 0.9879518
}