{
  "scale" : 0.4902323,
  "baseX" : 0.4065191,
  "baseY" : 0.9889976
}