{
  "scale" : 0.6176739999999999,
  "baseX" : 0.5628415,
  "baseY" : 0.9752594
}