{
  "scale" : 0.6176774,
  "baseX" : 0.7869222,
  "baseY" : 0.8745981
}