{
  "scale" : 0.6177201,
  "baseX" : 0.572973,
  "baseY" : 0.9777942
}