{
  "scale" : 0.6177114,
  "baseX" : 0.7869222,
  "baseY" : 0.8745981
}