{
  "scale" : 0.6176986,
  "baseX" : 0.7487406,
  "baseY" : 0.9431751
}