{
  "scale" : 0.6178063,
  "baseX" : 0.572973,
  "baseY" : 0.9777942
}