{
  "scale" : 0.6176754,
  "baseX" : 0.5628415,
  "baseY" : 0.9752594
}