{
  "scale" : 0.617699,
  "baseX" : 0.4630664,
  "baseY" : 0.8830744
}