{
  "scale" : 0.6176741,
  "baseX" : 0.4630664,
  "baseY" : 0.8830744
}