{
  "scale" : 0.6176779999999999,
  "baseX" : 0.4630664,
  "baseY" : 0.8830744
}