{
  "scale" : 0.6176443,
  "baseX" : 0.3855422,
  "baseY" : 0.9315376
}