{
  "scale" : 0.617646,
  "baseX" : 0.3855422,
  "baseY" : 0.9315376
}