{
  "scale" : 0.617646,
  "baseX" : 0.3882658,
  "baseY" : 0.9326599
}