{
  "scale" : 0.6176623999999999,
  "baseX" : 0.3855422,
  "baseY" : 0.9315376
}