{
  "scale" : 0.6176443,
  "baseX" : 0.3882658,
  "baseY" : 0.9326599
}