{
  "scale" : 0.6176775,
  "baseX" : 0.2877493,
  "baseY" : 0.976378
}