{
  "scale" : 0.6177034,
  "baseX" : 0.2877493,
  "baseY" : 0.976378
}