{
  "scale" : 0.6177115,
  "baseX" : 0.3047791,
  "baseY" : 0.976378
}