{
  "scale" : 0.6176986,
  "baseX" : 0.3047791,
  "baseY" : 0.976378
}