{
  "scale" : 0.6177165999999999,
  "baseX" : 0.3047791,
  "baseY" : 0.976378
}