{
  "scale" : 0.5324989,
  "baseX" : 0.7177994,
  "baseY" : 0.976912
}