{
  "scale" : 0.5345586,
  "baseX" : 0.7177994,
  "baseY" : 0.976912
}