{
  "scale" : 0.5318654,
  "baseX" : 0.8036323,
  "baseY" : 0.9653846
}