{
  "scale" : 0.5312387,
  "baseX" : 0.2991379,
  "baseY" : 0.9846228
}