{
  "scale" : 0.5318753000000001,
  "baseX" : 0.6287016,
  "baseY" : 0.9752508
}