{
  "scale" : 0.5344679,
  "baseX" : 0.6287016,
  "baseY" : 0.9752508
}