{
  "scale" : 0.5011171,
  "baseX" : 0.4897721,
  "baseY" : 0.9824356
}