{
  "scale" : 0.5010822,
  "baseX" : 0.4261269,
  "baseY" : 0.8651299
}