{
  "scale" : 0.5010867,
  "baseX" : 0.4563986,
  "baseY" : 0.9810651
}