{
  "scale" : 0.4945928,
  "baseX" : 0.400085,
  "baseY" : 0.9617258
}