{
  "scale" : 0.4945092,
  "baseX" : 0.400085,
  "baseY" : 0.9617258
}