{
  "scale" : 0.4946258,
  "baseX" : 0.06631853,
  "baseY" : 0.9707667
}