{
  "scale" : 0.4945203,
  "baseX" : 0.3155202,
  "baseY" : 0.9699035
}