{
  "scale" : 0.4946375,
  "baseX" : 0.06631853,
  "baseY" : 0.9707667
}