{
  "scale" : 0.4944736,
  "baseX" : 0.400085,
  "baseY" : 0.9617258
}