{
  "scale" : 0.494412,
  "baseX" : 0.3155202,
  "baseY" : 0.9699035
}