{
  "scale" : 0.4944694,
  "baseX" : 0.2756325,
  "baseY" : 0.65287
}