{
  "scale" : 0.4945394,
  "baseX" : 0.2756325,
  "baseY" : 0.65287
}