{
  "scale" : 0.4939393,
  "baseX" : 0.4015573,
  "baseY" : 0.6532472
}