{
  "scale" : 0.494006,
  "baseX" : 0.4015573,
  "baseY" : 0.6532472
}