{
  "scale" : 0.4940995,
  "baseX" : 0.2756325,
  "baseY" : 0.65287
}