{
  "scale" : 0.4944935,
  "baseX" : 0.2887078,
  "baseY" : 0.9649019
}